[
	{
		"pk":1,
		"model":"process_admin.userprofile",
		"fields":{
			"city":"00",
			"date_born":"2013-10-20",
			"is_active":true,
			"is_active_worker":true,
			"date_modified":"2013-10-21T04:16:33.348Z",
			"dni":"00",
			"user_type":1,
			"phone":"00",
			"user":1,
			"address":"00",
			"date_added":"2013-10-21T04:16:33.348Z",
			"cell_phone":"00",
			"employment":null
		}
	},
	{
		"model": "process_admin.employments",
		"pk":1,
		"fields":
		{
			"name":"Administrativo",
			"description":"Usuario administrativo de la empresa",
			"is_active":1,
			"date_added":"2013-07-25T09:16:08Z",
			"date_modified":"2013-07-25T09:16:08Z"
		}
	},
	{
		"model": "process_admin.employments",
		"pk":2,
		"fields":
		{
			"name":"Cortero",
			"description":"Corta cosas",
			"is_active":1,
			"date_added":"2013-07-25T09:16:08Z",
			"date_modified":"2013-07-25T09:16:08Z"
		}
	},
	{
		"model": "process_admin.employments",
		"pk":3,
		"fields":
		{
			"name":"Lancero",
			"description":"lanza cosas",
			"is_active":1,
			"date_added":"2013-07-25T09:16:08Z",
			"date_modified":"2013-07-25T09:16:08Z"
		}
	},
	{
		"model": "process_admin.usertype",
		"pk":1,
		"fields":
		{
			"name":"Super Admin",
			"description":"Super administrador de la plataforma",
			"is_active":1,
			"date_added":"2013-07-25T09:16:08Z",
			"date_modified":"2013-07-25T09:16:08Z"
		}
	},
	{
		"model": "process_admin.usertype",
		"pk":2,
		"fields":
		{
			"name":"Admin",
			"description":"Administrador de la plataforma",
			"is_active":1,
			"date_added":"2013-07-25T09:16:08Z",
			"date_modified":"2013-07-25T09:16:08Z"
		}
	},
	{
		"model": "process_admin.usertype",
		"pk":3,
		"fields":
		{
			"name":"Supervisor 1",
			"description":"Supervisor de la plataforma",
			"is_active":1,
			"date_added":"2013-07-25T09:16:08Z",
			"date_modified":"2013-07-25T09:16:08Z"
		}
	},
	{
		"model": "process_admin.usertype",
		"pk":4,
		"fields":
		{
			"name":"Supervisor 2",
			"description":"Supervisor 2 de la plataforma",
			"is_active":1,
			"date_added":"2013-07-25T09:16:08Z",
			"date_modified":"2013-07-25T09:16:08Z"
		}
	},
	{
		"model": "process_admin.usertype",
		"pk":5,
		"fields":
		{
			"name":"Supervisor 3",
			"description":"Supervisor 3 de la plataforma",
			"is_active":1,
			"date_added":"2013-07-25T09:16:08Z",
			"date_modified":"2013-07-25T09:16:08Z"
		}
	},
	{
		"model": "process_admin.usertype",
		"pk":6,
		"fields":
		{
			"name":"Consultor",
			"description":"Consulta reportes en la plataforma",
			"is_active":1,
			"date_added":"2013-07-25T09:16:08Z",
			"date_modified":"2013-07-25T09:16:08Z"
		}
	},
	{
		"model": "process_admin.usertype",
		"pk":7,
		"fields":
		{
			"name":"Empleado",
			"description":"Empleado de la plataforma",
			"is_active":1,
			"date_added":"2013-07-25T09:16:08Z",
			"date_modified":"2013-07-25T09:16:08Z"
		}
	},
	{
		"model": "process_admin.usertype",
		"pk":8,
		"fields":
		{
			"name":"Proveedor",
			"description":"Proveedor de la planta",
			"is_active":1,
			"date_added":"2013-07-25T09:16:08Z",
			"date_modified":"2013-07-25T09:16:08Z"
		}
	},
	{
		"model": "process_admin.permissions",
		"pk":1,
		"fields":
		{
			"code":"AD_US_LOGIN",
			"description":"Permite ingresar a la plataforma",
			"is_active":1,
			"usertype": [1, 2, 3, 4, 5, 6],
			"date_added":"2013-07-25T09:16:08Z",
			"date_modified":"2013-07-25T09:16:08Z"
		}
	},
	{
		"model": "process_admin.permissions",
		"pk":2,
		"fields":
		{
			"code":"AD_US_CHANGE_USER_TYPE",
			"description":"Usuario que puede asignar tipos de usuario a un usuario",
			"is_active":1,
			"usertype": [1, 2],
			"date_added":"2013-07-25T09:16:08Z",
			"date_modified":"2013-07-25T09:16:08Z"
		}
	},
	{
		"model": "process_admin.permissions",
		"pk":3,
		"fields":
		{
			"code":"AD_US_CREATE",
			"description":"Puede agregar usuarios",
			"is_active":1,
			"usertype": [1, 2],
			"date_added":"2013-07-25T09:16:08Z",
			"date_modified":"2013-07-25T09:16:08Z"
		}
	},
	{
		"model": "process_admin.permissions",
		"pk":4,
		"fields":
		{
			"code":"AD_US_UPDATE",
			"description":"Puede actualizar usuarios",
			"is_active":1,
			"usertype": [1, 2],
			"date_added":"2013-07-25T09:16:08Z",
			"date_modified":"2013-07-25T09:16:08Z"
		}
	},
	{
		"model": "process_admin.permissions",
		"pk":5,
		"fields":
		{
			"code":"AD_US_DELETE",
			"description":"Puede eliminar usuarios",
			"is_active":1,
			"usertype": [1, 2],
			"date_added":"2013-07-25T09:16:08Z",
			"date_modified":"2013-07-25T09:16:08Z"
		}
	},
	{
		"model":"process_admin.permissions",
		"pk":6,
		"fields":{
			"code":"AD_US_READ",
			"description":"...",
			"is_active":1,
			"usertype":[1,2],
			"date_added":"2013-07-25T09:16:08Z",
			"date_modified":"2013-07-25T09:16:08Z"
		}
	},
	{
		"model":"process_admin.permissions",
		"pk":7,
		"fields":{
			"code":"AD_AC_CREATE",
			"description":"...",
			"is_active":1,
			"usertype":[1,2],
			"date_added":"2013-07-25T09:16:08Z",
			"date_modified":"2013-07-25T09:16:08Z"
		}
	},
	{
		"model":"process_admin.permissions",
		"pk":8,
		"fields":{
			"code":"AD_AC_UPDATE",
			"description":"...",
			"is_active":1,
			"usertype":[1,2],
			"date_added":"2013-07-25T09:16:08Z",
			"date_modified":"2013-07-25T09:16:08Z"
		}
	},
	{
		"model":"process_admin.permissions",
		"pk":9,
		"fields":{
			"code":"AD_AC_DELETE",
			"description":"...",
			"is_active":1,
			"usertype":[1,2],
			"date_added":"2013-07-25T09:16:08Z",
			"date_modified":"2013-07-25T09:16:08Z"
		}
	},
	{
		"model":"process_admin.permissions",
		"pk":10,
		"fields":{
			"code":"AD_AC_READ",
			"description":"...",
			"is_active":1,
			"usertype":[1,2],
			"date_added":"2013-07-25T09:16:08Z",
			"date_modified":"2013-07-25T09:16:08Z"
		}
	},
	{
		"model":"process_admin.permissions",
		"pk":11,
		"fields":{
			"code":"AD_DE_CREATE",
			"description":"...",
			"is_active":1,
			"usertype":[1,2],
			"date_added":"2013-07-25T09:16:08Z",
			"date_modified":"2013-07-25T09:16:08Z"
		}
	},
	{
		"model":"process_admin.permissions",
		"pk":12,
		"fields":{
			"code":"AD_DE_UPDATE",
			"description":"...",
			"is_active":1,
			"usertype":[1,2],
			"date_added":"2013-07-25T09:16:08Z",
			"date_modified":"2013-07-25T09:16:08Z"
		}
	},
	{
		"model":"process_admin.permissions",
		"pk":13,
		"fields":{
			"code":"AD_DE_DELETE",
			"description":"...",
			"is_active":1,
			"usertype":[1,2],
			"date_added":"2013-07-25T09:16:08Z",
			"date_modified":"2013-07-25T09:16:08Z"
		}
	},
	{
		"model":"process_admin.permissions",
		"pk":14,
		"fields":{
			"code":"AD_DE_READ",
			"description":"...",
			"is_active":1,
			"usertype":[1,2],
			"date_added":"2013-07-25T09:16:08Z",
			"date_modified":"2013-07-25T09:16:08Z"
		}
	},
	{
		"model":"process_admin.permissions",
		"pk":15,
		"fields":{
			"code":"OP_GE_CREATE",
			"description":"...",
			"is_active":1,
			"usertype":[1,2,3],
			"date_added":"2013-07-25T09:16:08Z",
			"date_modified":"2013-07-25T09:16:08Z"
		}
	},
	{
		"model":"process_admin.permissions",
		"pk":16,
		"fields":{
			"code":"OP_GE_UPDATE",
			"description":"...",
			"is_active":1,
			"usertype":[1,2,3],
			"date_added":"2013-07-25T09:16:08Z",
			"date_modified":"2013-07-25T09:16:08Z"
		}
	},
	{
		"model":"process_admin.permissions",
		"pk":17,
		"fields":{
			"code":"OP_GE_DELETE",
			"description":"...",
			"is_active":1,
			"usertype":[1,2,3],
			"date_added":"2013-07-25T09:16:08Z",
			"date_modified":"2013-07-25T09:16:08Z"
		}
	},
	{
		"model":"process_admin.permissions",
		"pk":18,
		"fields":{
			"code":"OP_GE_DISABLE",
			"description":"...",
			"is_active":1,
			"usertype":[1,2,3],
			"date_added":"2013-07-25T09:16:08Z",
			"date_modified":"2013-07-25T09:16:08Z"
		}
	},
	{
		"model":"process_admin.permissions",
		"pk":19,
		"fields":{
			"code":"OP_GE_READ",
			"description":"...",
			"is_active":1,
			"usertype":[1,2,3],
			"date_added":"2013-07-25T09:16:08Z",
			"date_modified":"2013-07-25T09:16:08Z"
		}
	},
	{
		"model":"process_admin.permissions",
		"pk":20,
		"fields":{
			"code":"OP_LL_CREATE",
			"description":"...",
			"is_active":1,
			"usertype":[1,2,4],
			"date_added":"2013-07-25T09:16:08Z",
			"date_modified":"2013-07-25T09:16:08Z"
		}
	},
	{
		"model":"process_admin.permissions",
		"pk":21,
		"fields":{
			"code":"OP_LL_UPDATE",
			"description":"...",
			"is_active":1,
			"usertype":[1,2,4],
			"date_added":"2013-07-25T09:16:08Z",
			"date_modified":"2013-07-25T09:16:08Z"
		}
	},
	{
		"model":"process_admin.permissions",
		"pk":22,
		"fields":{
			"code":"OP_LL_DELETE",
			"description":"...",
			"is_active":1,
			"usertype":[1,2,4],
			"date_added":"2013-07-25T09:16:08Z",
			"date_modified":"2013-07-25T09:16:08Z"
		}
	},
	{
		"model":"process_admin.permissions",
		"pk":23,
		"fields":{
			"code":"OP_LL_READ",
			"description":"...",
			"is_active":1,
			"usertype":[1,2,4],
			"date_added":"2013-07-25T09:16:08Z",
			"date_modified":"2013-07-25T09:16:08Z"
		}
	},
	{
		"model":"process_admin.permissions",
		"pk":24,
		"fields":{
			"code":"OP_CA_CREATE",
			"description":"...",
			"is_active":1,
			"usertype":[1,2,5],
			"date_added":"2013-07-25T09:16:08Z",
			"date_modified":"2013-07-25T09:16:08Z"
		}
	},
	{
		"model":"process_admin.permissions",
		"pk":25,
		"fields":{
			"code":"OP_CA_UPDATE",
			"description":"...",
			"is_active":1,
			"usertype":[1,2,5],
			"date_added":"2013-07-25T09:16:08Z",
			"date_modified":"2013-07-25T09:16:08Z"
		}
	},
	{
		"model":"process_admin.permissions",
		"pk":26,
		"fields":{
			"code":"OP_CA_DELETE",
			"description":"...",
			"is_active":1,
			"usertype":[1,2,5],
			"date_added":"2013-07-25T09:16:08Z",
			"date_modified":"2013-07-25T09:16:08Z"
		}
	},
	{
		"model":"process_admin.permissions",
		"pk":27,
		"fields":{
			"code":"OP_CA_READ",
			"description":"...",
			"is_active":1,
			"usertype":[1,2,5],
			"date_added":"2013-07-25T09:16:08Z",
			"date_modified":"2013-07-25T09:16:08Z"
		}
	},
	{
		"model":"process_admin.permissions",
		"pk":28,
		"fields":{
			"code":"OP_VE_CREATE",
			"description":"...",
			"is_active":1,
			"usertype":[1,2],
			"date_added":"2013-07-25T09:16:08Z",
			"date_modified":"2013-07-25T09:16:08Z"
		}
	},
	{
		"model":"process_admin.permissions",
		"pk":29,
		"fields":{
			"code":"OP_VE_UPDATE",
			"description":"...",
			"is_active":1,
			"usertype":[1,2],
			"date_added":"2013-07-25T09:16:08Z",
			"date_modified":"2013-07-25T09:16:08Z"
		}
	},
	{
		"model":"process_admin.permissions",
		"pk":30,
		"fields":{
			"code":"OP_VE_DELETE",
			"description":"...",
			"is_active":1,
			"usertype":[1,2],
			"date_added":"2013-07-25T09:16:08Z",
			"date_modified":"2013-07-25T09:16:08Z"
		}
	},
	{
		"model":"process_admin.permissions",
		"pk":31,
		"fields":{
			"code":"OP_VE_READ",
			"description":"...",
			"is_active":1,
			"usertype":[1,2,6],
			"date_added":"2013-07-25T09:16:08Z",
			"date_modified":"2013-07-25T09:16:08Z"
		}
	},
	{
		"model":"process_admin.permissions",
		"pk":32,
		"fields":{
			"code":"NO_AD_CREATE",
			"description":"...",
			"is_active":1,
			"usertype":[1,2],
			"date_added":"2013-07-25T09:16:08Z",
			"date_modified":"2013-07-25T09:16:08Z"
		}
	},
	{
		"model":"process_admin.permissions",
		"pk":33,
		"fields":{
			"code":"NO_AD_UPDATE",
			"description":"...",
			"is_active":1,
			"usertype":[1,2],
			"date_added":"2013-07-25T09:16:08Z",
			"date_modified":"2013-07-25T09:16:08Z"
		}
	},
	{
		"model":"process_admin.permissions",
		"pk":34,
		"fields":{
			"code":"NO_AD_DELETE",
			"description":"...",
			"is_active":1,
			"usertype":[1,2],
			"date_added":"2013-07-25T09:16:08Z",
			"date_modified":"2013-07-25T09:16:08Z"
		}
	},
	{
		"model":"process_admin.permissions",
		"pk":35,
		"fields":{
			"code":"NO_AD_READ",
			"description":"...",
			"is_active":1,
			"usertype":[1,2],
			"date_added":"2013-07-25T09:16:08Z",
			"date_modified":"2013-07-25T09:16:08Z"
		}
	},
	{
		"model":"process_admin.permissions",
		"pk":36,
		"fields":{
			"code":"NO_GE_CREATE",
			"description":"...",
			"is_active":1,
			"usertype":[1,2],
			"date_added":"2013-07-25T09:16:08Z",
			"date_modified":"2013-07-25T09:16:08Z"
		}
	},
	{
		"model":"process_admin.permissions",
		"pk":37,
		"fields":{
			"code":"NO_GE_UPDATE",
			"description":"...",
			"is_active":1,
			"usertype":[1,2],
			"date_added":"2013-07-25T09:16:08Z",
			"date_modified":"2013-07-25T09:16:08Z"
		}
	},
	{
		"model":"process_admin.permissions",
		"pk":38,
		"fields":{
			"code":"NO_GE_DELETE",
			"description":"...",
			"is_active":1,
			"usertype":[1,2],
			"date_added":"2013-07-25T09:16:08Z",
			"date_modified":"2013-07-25T09:16:08Z"
		}
	},
	{
		"model":"process_admin.permissions",
		"pk":39,
		"fields":{
			"code":"NO_GE_READ",
			"description":"...",
			"is_active":1,
			"usertype":[1,2,6],
			"date_added":"2013-07-25T09:16:08Z",
			"date_modified":"2013-07-25T09:16:08Z"
		}
	},
	{
		"model":"process_admin.permissions",
		"pk":40,
		"fields":{
			"code":"RE_HI_CREATE",
			"description":"...",
			"is_active":1,
			"usertype":[1,2],
			"date_added":"2013-07-25T09:16:08Z",
			"date_modified":"2013-07-25T09:16:08Z"
		}
	},
	{
		"model":"process_admin.permissions",
		"pk":41,
		"fields":{
			"code":"RE_HI_UPDATE",
			"description":"...",
			"is_active":1,
			"usertype":[1,2],
			"date_added":"2013-07-25T09:16:08Z",
			"date_modified":"2013-07-25T09:16:08Z"
		}
	},
	{
		"model":"process_admin.permissions",
		"pk":42,
		"fields":{
			"code":"RE_HI_DELETE",
			"description":"...",
			"is_active":1,
			"usertype":[1,2],
			"date_added":"2013-07-25T09:16:08Z",
			"date_modified":"2013-07-25T09:16:08Z"
		}
	},
	{
		"model":"process_admin.permissions",
		"pk":43,
		"fields":{
			"code":"RE_HI_READ",
			"description":"...",
			"is_active":1,
			"usertype":[1,2,6],
			"date_added":"2013-07-25T09:16:08Z",
			"date_modified":"2013-07-25T09:16:08Z"
		}
	},
	{
		"model":"process_admin.permissions",
		"pk":44,
		"fields":{
			"code":"RE_RE_CREATE",
			"description":"...",
			"is_active":1,
			"usertype":[1,2],
			"date_added":"2013-07-25T09:16:08Z",
			"date_modified":"2013-07-25T09:16:08Z"
		}
	},
	{
		"model":"process_admin.permissions",
		"pk":45,
		"fields":{
			"code":"RE_RE_UPDATE",
			"description":"...",
			"is_active":1,
			"usertype":[1,2],
			"date_added":"2013-07-25T09:16:08Z",
			"date_modified":"2013-07-25T09:16:08Z"
		}
	},
	{
		"model":"process_admin.permissions",
		"pk":46,
		"fields":{
			"code":"RE_RE_DELETE",
			"description":"...",
			"is_active":1,
			"usertype":[1,2],
			"date_added":"2013-07-25T09:16:08Z",
			"date_modified":"2013-07-25T09:16:08Z"
		}
	},
	{
		"model":"process_admin.permissions",
		"pk":47,
		"fields":{
			"code":"RE_RE_READ",
			"description":"...",
			"is_active":1,
			"usertype":[1,2,6],
			"date_added":"2013-07-25T09:16:08Z",
			"date_modified":"2013-07-25T09:16:08Z"
		}
	},
	{
		"pk": 2, 
		"model": "process_admin.legaldiscounts", 
		"fields": {
			"modifications": 2, 
			"code": "002", 
			"name": "Seguridad social: mayor a 4 salarios", 
			"date_modified": "2013-10-17T16:11:06Z", 
			"is_active": true, 
			"value": "9", 
			"is_available": true, 
			"user": 1, 
			"date_added": "2013-10-17T14:16:38Z", 
			"description": "Seguridad social que se descuenta de la nomina de los empleados que ganen mas de 4 SMMLV"
		}
	}, 
	{
		"pk": 1, 
		"model": "process_admin.legaldiscounts", 
		"fields": {
			"modifications": 4, 
			"code": "001", 
			"name": "Seguridad social: menos de 4 salarios", 
			"date_modified": "2013-10-17T16:11:09Z", 
			"is_active": true, 
			"value": "8", 
			"is_available": true, 
			"user": 1, 
			"date_added": "2013-10-01T22:24:14Z", 
			"description": "Seguridad social que se descuenta de la nominas de empleados que ganan menos de 4 SMMLV"
		}
	},

	{
		"pk":3,
		"model":"process_admin.increases",
		"fields":{
			"modifications":0,
			"code":"003",
			"name":"Bono",
			"date_modified":"2013-10-18T03:57:21Z",
			"is_active":true,
			"is_available":true,
			"user":1,
			"date_added":"2013-10-18T03:50:07Z",
			"description":"Bono extra para premiar a un trabajador"
		}
	},
	{
		"pk":1,
		"model":"process_admin.increases",
		"fields":{
			"modifications":0,
			"code":"001",
			"name":"Ajuste salarial",
			"date_modified":"2013-10-20T03:50:48Z",
			"is_active":true,
			"is_available":true,
			"user":1,
			"date_added":"2013-10-20T03:50:48Z",
			"description":"Ajuste que se hace a un trabajador para completar el salario m\u00ednimo en caso de que se requiera."
		}
	},
	{	
		"pk":2,
		"model":"process_admin.increases",
		"fields":{
			"modifications":0,
			"code":"002",
			"name":"Horas extras",
			"date_modified":"2013-10-19T03:49:11Z",
			"is_active":true,
			"is_available":true,
			"user":1,
			"date_added":"2013-10-19T03:49:11Z",
			"description":"Aumento al salario por horas extras"
		}
	}
]